timestamp,defect_type,severity,confidence,x1,y1,x2,y2
2026-06-30 12:59:33,missing_hole,HIGH,0.7236,151,167,187,198
2026-06-30 12:59:33,missing_hole,HIGH,0.6203,65,167,96,198
2026-06-30 12:59:33,short,CRITICAL,0.5057,542,204,578,244
2026-06-30 12:59:33,missing_hole,HIGH,0.4745,20,167,53,200
2026-06-30 12:59:33,missing_hole,HIGH,0.4713,452,289,488,327
2026-06-30 12:59:33,open_circuit,HIGH,0.4705,33,243,61,271
2026-06-30 12:59:33,missing_hole,HIGH,0.4296,454,36,486,68
2026-06-30 12:59:33,short,CRITICAL,0.3903,79,237,153,272
2026-06-30 12:59:33,missing_hole,HIGH,0.3780,582,96,618,134
2026-06-30 12:59:33,missing_hole,HIGH,0.3739,107,167,141,199
2026-06-30 12:59:33,missing_hole,HIGH,0.3678,585,417,617,453
2026-06-30 12:59:33,mouse_bite,MEDIUM,0.3677,483,347,525,383
2026-06-30 12:59:33,missing_hole,HIGH,0.3197,278,91,314,135
2026-06-30 12:59:33,missing_hole,HIGH,0.3103,204,411,254,458
2026-06-30 12:59:33,missing_hole,HIGH,0.2710,408,288,443,327
2026-06-30 12:59:33,missing_hole,HIGH,0.2608,320,286,359,327
2026-06-30 12:59:33,missing_hole,HIGH,0.2594,495,412,532,457
