epoch,time,train/box_loss,train/cls_loss,train/dfl_loss,metrics/precision(B),metrics/recall(B),metrics/mAP50(B),metrics/mAP50-95(B),val/box_loss,val/cls_loss,val/dfl_loss,lr/pg0,lr/pg1,lr/pg2
1,324.173,3.80998,7.74382,1.68941,0,0,0,0,3.817,7.48404,1.51419,0.000327869,0.000327869,0.000327869
2,629.544,3.33776,5.5712,1.31238,0.52861,0.01638,0.00988,0.00285,3.08307,13.4965,1.33149,0.000654656,0.000654656,0.000654656
3,967.768,3.18622,4.71824,1.27156,0.45453,0.11342,0.12119,0.04804,2.97599,4.80861,1.26219,0.000974844,0.000974844,0.000974844
4,1264.65,3.0951,4.17899,1.23953,0.26656,0.23805,0.13961,0.05062,3.03302,4.34082,1.26008,0.0009703,0.0009703,0.0009703
5,1549.47,3.02422,3.83822,1.21418,0.38494,0.14801,0.1411,0.04587,3.09506,4.113,1.27371,0.0009604,0.0009604,0.0009604
6,1839.39,2.95008,3.53574,1.20554,0.37854,0.26112,0.23373,0.09945,2.73386,3.39329,1.19565,0.0009505,0.0009505,0.0009505
7,2135.7,2.89869,3.43544,1.18171,0.48487,0.28944,0.26748,0.10925,2.65001,3.2039,1.17472,0.0009406,0.0009406,0.0009406
8,2422.94,2.83367,3.2077,1.18225,0.47344,0.29843,0.25431,0.10215,2.63288,3.06254,1.16107,0.0009307,0.0009307,0.0009307
9,2712.72,2.75306,2.96879,1.15852,0.59367,0.32011,0.33314,0.1522,2.45046,2.74411,1.13419,0.0009208,0.0009208,0.0009208
10,3024.48,2.68728,2.85422,1.11458,0.61993,0.30843,0.33036,0.13165,2.55167,2.76603,1.13385,0.0009109,0.0009109,0.0009109
11,3376.74,2.73528,2.78268,1.14776,0.59426,0.34661,0.35934,0.15466,2.54109,2.50374,1.1467,0.000901,0.000901,0.000901
12,3729.08,2.69918,2.78719,1.13795,0.61191,0.33906,0.35224,0.14084,2.51024,2.53348,1.12622,0.0008911,0.0008911,0.0008911
13,4218.87,2.68168,2.68031,1.13133,0.59747,0.369,0.36128,0.16113,2.4017,2.37908,1.1133,0.0008812,0.0008812,0.0008812
14,4651.24,2.64901,2.61792,1.11302,0.66405,0.39919,0.41321,0.19542,2.32657,2.23225,1.09357,0.0008713,0.0008713,0.0008713
15,5019.81,2.59285,2.5108,1.11004,0.64786,0.35841,0.36031,0.12759,2.64254,2.3376,1.14687,0.0008614,0.0008614,0.0008614
16,5385.27,2.52001,2.42115,1.11007,0.67887,0.40748,0.41498,0.18732,2.3432,2.16588,1.08941,0.0008515,0.0008515,0.0008515
17,5723.31,2.55595,2.36466,1.10125,0.63539,0.37452,0.37907,0.15406,2.45906,2.21958,1.10928,0.0008416,0.0008416,0.0008416
18,6051.17,2.58924,2.38549,1.11421,0.64364,0.38341,0.38237,0.15441,2.4969,2.24706,1.11826,0.0008317,0.0008317,0.0008317
19,6365.78,2.55771,2.36837,1.09895,0.73953,0.40321,0.42262,0.19063,2.30571,2.07618,1.08511,0.0008218,0.0008218,0.0008218
20,6662.76,2.43339,2.18714,1.07815,0.82459,0.40996,0.46284,0.2139,2.30838,1.96618,1.08075,0.0008119,0.0008119,0.0008119
21,6967.42,2.45855,2.17914,1.07854,0.72909,0.38116,0.41855,0.16479,2.47368,2.07537,1.10987,0.000802,0.000802,0.000802
22,7264.98,2.46507,2.18914,1.08189,0.78744,0.42253,0.462,0.21142,2.30135,1.8989,1.09044,0.0007921,0.0007921,0.0007921
23,7562.88,2.4488,2.15165,1.0875,0.78443,0.43365,0.46258,0.21574,2.21964,1.84129,1.06107,0.0007822,0.0007822,0.0007822
24,7862.28,2.48779,2.19765,1.07674,0.7544,0.42418,0.44414,0.20194,2.26208,1.97814,1.07729,0.0007723,0.0007723,0.0007723
25,8173.72,2.40313,2.08211,1.06572,0.74445,0.42423,0.42939,0.1823,2.35861,1.92775,1.0834,0.0007624,0.0007624,0.0007624
26,8482.65,2.45131,2.16363,1.07506,0.73932,0.44707,0.46885,0.21521,2.21159,1.83989,1.05689,0.0007525,0.0007525,0.0007525
27,8785.69,2.3456,2.02643,1.05713,0.54336,0.27808,0.29318,0.12234,2.4889,2.48803,1.11685,0.0007426,0.0007426,0.0007426
28,9080.03,2.42624,2.11222,1.0592,0.75866,0.42494,0.45469,0.20163,2.32803,1.86571,1.07359,0.0007327,0.0007327,0.0007327
29,9364.04,2.37048,1.96797,1.05901,0.74112,0.43242,0.46048,0.21616,2.19861,1.81936,1.05421,0.0007228,0.0007228,0.0007228
30,9645.87,2.42646,2.07571,1.06996,0.77547,0.43115,0.46693,0.21358,2.20618,1.83423,1.06133,0.0007129,0.0007129,0.0007129
31,9928.92,2.34541,1.9684,1.06556,0.71734,0.39904,0.40852,0.18375,2.27515,1.93139,1.0715,0.000703,0.000703,0.000703
32,10211.2,2.37037,2.02968,1.0656,0.8165,0.43446,0.47983,0.21958,2.19985,1.81358,1.0481,0.0006931,0.0006931,0.0006931
33,10495,2.36588,1.93258,1.05001,0.78407,0.45525,0.4781,0.21987,2.21133,1.71545,1.05143,0.0006832,0.0006832,0.0006832
34,10785.2,2.35777,1.9419,1.06489,0.8185,0.46438,0.49382,0.22069,2.20804,1.73393,1.04602,0.0006733,0.0006733,0.0006733
35,11075.4,2.35432,1.93193,1.04767,0.77518,0.45039,0.48403,0.22673,2.15752,1.70041,1.03432,0.0006634,0.0006634,0.0006634
36,11362.2,2.25199,1.8153,1.04401,0.74198,0.41527,0.45128,0.21077,2.18442,1.82637,1.04873,0.0006535,0.0006535,0.0006535
37,11651.2,2.29604,1.86518,1.02568,0.81146,0.45374,0.48797,0.22434,2.19576,1.66833,1.04857,0.0006436,0.0006436,0.0006436
38,11936.4,2.29461,1.86767,1.03768,0.86712,0.45718,0.50934,0.23203,2.19351,1.6485,1.03678,0.0006337,0.0006337,0.0006337
39,12224.4,2.29292,1.85149,1.03142,0.83171,0.45091,0.49913,0.22627,2.2056,1.68195,1.03969,0.0006238,0.0006238,0.0006238
40,12505.8,2.27388,1.83604,1.02676,0.81441,0.4655,0.49856,0.22903,2.17049,1.65471,1.04147,0.0006139,0.0006139,0.0006139
41,12791.2,2.31292,1.87076,1.03895,0.77825,0.45942,0.47681,0.21747,2.19531,1.72766,1.04239,0.000604,0.000604,0.000604
42,13076.4,2.21931,1.75999,1.03045,0.80327,0.4672,0.49287,0.22909,2.13591,1.64466,1.03611,0.0005941,0.0005941,0.0005941
43,13363.1,2.25089,1.76543,1.02953,0.86334,0.47452,0.5204,0.23874,2.17091,1.60594,1.02857,0.0005842,0.0005842,0.0005842
44,13648.9,2.24531,1.76215,1.02887,0.82382,0.47247,0.52141,0.24509,2.14298,1.5772,1.02704,0.0005743,0.0005743,0.0005743
45,13939.3,2.21861,1.74811,1.0324,0.85531,0.46993,0.50928,0.24061,2.0624,1.57238,1.0224,0.0005644,0.0005644,0.0005644
46,14226.5,2.23831,1.77001,1.02555,0.85939,0.46626,0.52651,0.24935,2.09293,1.60694,1.02204,0.0005545,0.0005545,0.0005545
47,14528.1,2.26465,1.81802,1.01374,0.86033,0.45586,0.51397,0.2453,2.10936,1.56708,1.02325,0.0005446,0.0005446,0.0005446
48,14827.8,2.27641,1.78683,1.02562,0.84056,0.48666,0.53263,0.25339,2.08137,1.52545,1.01234,0.0005347,0.0005347,0.0005347
49,15145.3,2.19419,1.70933,1.02364,0.84925,0.47447,0.53229,0.25224,2.07906,1.49935,1.00807,0.0005248,0.0005248,0.0005248
50,15479,2.21327,1.75924,1.02155,0.85326,0.48484,0.53222,0.24863,2.08967,1.5336,1.02011,0.0005149,0.0005149,0.0005149
51,15811,2.19018,1.70579,1.01066,0.85219,0.47518,0.52766,0.2559,2.06935,1.51778,1.01025,0.000505,0.000505,0.000505
52,16136.9,2.20813,1.73126,1.00936,0.86415,0.48827,0.54331,0.25588,2.09323,1.48862,1.01172,0.0004951,0.0004951,0.0004951
53,16438.6,2.16918,1.67179,1.01202,0.88399,0.47385,0.53576,0.26045,2.04631,1.45468,1.00358,0.0004852,0.0004852,0.0004852
54,16749.7,2.16706,1.65862,1.01057,0.92793,0.47513,0.54491,0.26182,2.09842,1.47216,1.01141,0.0004753,0.0004753,0.0004753
55,17072.3,2.13976,1.61642,0.9999,0.87354,0.47435,0.52977,0.25058,2.11404,1.50397,1.01822,0.0004654,0.0004654,0.0004654
56,17380.2,2.13527,1.63822,1.00727,0.87436,0.48519,0.54324,0.26171,2.03581,1.42392,1.00292,0.0004555,0.0004555,0.0004555
57,17685.5,2.14236,1.62439,1.00863,0.85764,0.4746,0.52556,0.24664,2.07861,1.48244,1.01652,0.0004456,0.0004456,0.0004456
58,18011.8,2.13847,1.62804,0.99925,0.80342,0.45529,0.49817,0.22575,2.14288,1.58946,1.01905,0.0004357,0.0004357,0.0004357
59,18318.6,2.15442,1.63215,1.00134,0.8909,0.48082,0.54686,0.2564,2.11635,1.45626,1.01669,0.0004258,0.0004258,0.0004258
60,18623.3,2.1441,1.63834,0.99443,0.88119,0.47674,0.53337,0.25093,2.0671,1.44351,1.00529,0.0004159,0.0004159,0.0004159
61,18928.9,2.16265,1.65325,0.99923,0.81694,0.50345,0.53771,0.2518,2.06742,1.4304,1.00988,0.000406,0.000406,0.000406
62,19233.9,2.10259,1.56695,0.99614,0.86878,0.48233,0.54138,0.25554,2.05224,1.41822,1.00685,0.0003961,0.0003961,0.0003961
63,19539.1,2.07563,1.55276,0.9921,0.87936,0.48338,0.54798,0.26913,2.00298,1.40326,0.99319,0.0003862,0.0003862,0.0003862
64,19845.9,2.08925,1.59456,0.98584,0.76336,0.45857,0.50603,0.22045,2.22159,1.54258,1.03464,0.0003763,0.0003763,0.0003763
65,20151.8,2.10652,1.57869,0.98451,0.85887,0.50161,0.54762,0.25336,2.0632,1.41923,1.00583,0.0003664,0.0003664,0.0003664
66,20457.8,2.10163,1.56796,0.99071,0.83516,0.49405,0.55478,0.26768,2.01148,1.42631,0.99725,0.0003565,0.0003565,0.0003565
67,20763.2,2.05718,1.52624,0.98742,0.842,0.48828,0.53757,0.25709,2.07199,1.42215,1.00851,0.0003466,0.0003466,0.0003466
68,21074.7,2.10745,1.60756,0.9927,0.88149,0.48625,0.54358,0.26397,2.03367,1.3798,0.99982,0.0003367,0.0003367,0.0003367
69,21379.9,2.09747,1.55476,0.98748,0.81392,0.45138,0.50045,0.21637,2.23746,1.51466,1.03177,0.0003268,0.0003268,0.0003268
70,21690.7,2.05417,1.52426,0.98611,0.86605,0.50048,0.57407,0.28497,1.95385,1.32762,0.98753,0.0003169,0.0003169,0.0003169
71,21996.8,2.0972,1.55504,0.99067,0.86538,0.49922,0.56744,0.27616,2.00011,1.36427,0.99375,0.000307,0.000307,0.000307
72,22303.4,2.09583,1.56604,0.97534,0.92202,0.49535,0.56865,0.27581,2.01286,1.34187,0.99253,0.0002971,0.0002971,0.0002971
73,22609.7,2.04602,1.51796,0.98048,0.90243,0.50558,0.57871,0.28247,1.96601,1.32153,0.98909,0.0002872,0.0002872,0.0002872
74,22939.2,2.05784,1.49919,0.97576,0.91206,0.49399,0.56643,0.27346,1.99912,1.33984,0.99789,0.0002773,0.0002773,0.0002773
75,23323,2.0329,1.46588,0.97523,0.93012,0.50013,0.57676,0.27788,2.01248,1.32739,0.99523,0.0002674,0.0002674,0.0002674
76,23714.8,2.0256,1.46777,0.96799,0.86134,0.48447,0.55689,0.26225,2.03994,1.3948,1,0.0002575,0.0002575,0.0002575
77,24130.1,2.04701,1.48325,0.97847,0.90428,0.5005,0.57439,0.27611,2.00956,1.32358,0.99664,0.0002476,0.0002476,0.0002476
78,24548.2,2.02327,1.48691,0.97449,0.91554,0.50783,0.5881,0.28258,2.01331,1.30801,0.99098,0.0002377,0.0002377,0.0002377
79,24972.1,2.02355,1.44945,0.96628,0.90133,0.49417,0.56508,0.27271,1.99397,1.33141,0.99212,0.0002278,0.0002278,0.0002278
80,25395.1,2.01595,1.45669,0.96391,0.92316,0.50116,0.57496,0.27647,2.0211,1.30626,0.99292,0.0002179,0.0002179,0.0002179
81,25819.1,1.99948,1.44455,0.95983,0.8912,0.5101,0.59579,0.28629,2.00031,1.28054,0.99204,0.000208,0.000208,0.000208
82,26231.8,1.97999,1.42075,0.97044,0.88886,0.52216,0.59666,0.28756,1.98958,1.27502,0.98788,0.0001981,0.0001981,0.0001981
83,26633.8,1.97963,1.44009,0.96891,0.90047,0.50268,0.58431,0.2821,2.02473,1.27894,0.99389,0.0001882,0.0001882,0.0001882
84,27037,1.98151,1.43377,0.97263,0.92577,0.50354,0.59245,0.2885,1.99185,1.28069,0.98567,0.0001783,0.0001783,0.0001783
85,27432.6,1.96366,1.4305,0.95123,0.90193,0.51367,0.59614,0.28414,1.98174,1.27942,0.98806,0.0001684,0.0001684,0.0001684
86,27841.1,2.0106,1.46154,0.9615,0.88834,0.516,0.59725,0.29666,1.92811,1.25879,0.97904,0.0001585,0.0001585,0.0001585
87,28293.5,1.92998,1.37504,0.95582,0.90333,0.50961,0.58652,0.27752,2.02313,1.28472,0.99214,0.0001486,0.0001486,0.0001486
88,28794.6,1.96981,1.39068,0.96309,0.90855,0.50078,0.58699,0.27655,2.05319,1.28607,0.99839,0.0001387,0.0001387,0.0001387
89,29300.9,1.9352,1.38221,0.96021,0.89271,0.51434,0.60081,0.2868,1.9843,1.25867,0.98684,0.0001288,0.0001288,0.0001288
90,29807.6,1.95399,1.39816,0.95895,0.92364,0.5085,0.60293,0.29425,1.95065,1.2458,0.98094,0.0001189,0.0001189,0.0001189
91,30463.5,1.88755,1.35539,0.98754,0.91431,0.50915,0.5957,0.28371,1.99606,1.27054,0.98997,0.000109,0.000109,0.000109
92,30853.3,1.84243,1.31399,0.97911,0.93675,0.50778,0.60253,0.28471,2.0156,1.27212,0.9936,9.91e-05,9.91e-05,9.91e-05
93,31261.4,1.84954,1.31065,0.98183,0.9294,0.5114,0.60509,0.2929,1.96445,1.24786,0.98331,8.92e-05,8.92e-05,8.92e-05
94,31649.3,1.80472,1.2728,0.97994,0.91829,0.51566,0.60578,0.29726,1.95076,1.24186,0.97991,7.93e-05,7.93e-05,7.93e-05
95,32040.5,1.81811,1.28558,0.97947,0.88843,0.51617,0.60693,0.29085,1.97024,1.24437,0.98264,6.94e-05,6.94e-05,6.94e-05
96,32426,1.84674,1.32162,0.98737,0.90331,0.51387,0.60388,0.28749,1.9995,1.25437,0.9896,5.95e-05,5.95e-05,5.95e-05
97,32816.8,1.80231,1.27567,0.97436,0.92749,0.50742,0.60406,0.2878,1.99956,1.25098,0.98748,4.96e-05,4.96e-05,4.96e-05
98,33244.8,1.80855,1.26854,0.97181,0.94575,0.50563,0.60951,0.29221,1.97708,1.2416,0.98303,3.97e-05,3.97e-05,3.97e-05
99,33641.4,1.82384,1.2956,0.97783,0.90914,0.51424,0.61297,0.29195,1.98813,1.2478,0.98409,2.98e-05,2.98e-05,2.98e-05
100,34014.4,1.78395,1.28158,0.97703,0.91199,0.51368,0.61308,0.29686,1.96026,1.23691,0.97947,1.99e-05,1.99e-05,1.99e-05
